MSFT	1950015815680
GOOG	1435668709376
AMZN	1302178955264
TSLA	862244760000
BRK B	622885208064
UNH	490140663808
META	444413247488
JNJ	424191328256
V	421755977728
XOM	398384300032
WMT	363339382784
NVDA	347310030848
JPM	335808593920
PG	333111197696
MA	314313801728
CVX	309392375808
HD	300331663360
LLY	286221303808
BAC	268939493376
KO	268127059968
PFE	261703876608
ABBV	244793442304
PEP	238546829312
COST	234402725888
MRK	220775350272
TMO	215777787904
DIS	205148930048
ORCL	200669233152
AVGO	199253229568
DHR	199218069504
MCD	188689334272
CSCO	187544076288
ABT	183597891584
TMUS	180481441792
VZ	175589883904
ADBE	173408043008
UPS	170788814848
NEE	167124434944
NKE	167035944960
WFC	165794299904
CMCSA	164510171136
CRM	153529991168
TXN	150953541632
PM	149559443456
MS	147939229696
BMY	147525107712
QCOM	145900158976
UNP	141169721344
COP	136888918016
SCHW	136059297792
AMD	132906967040
AMGN	131325558784
CVS	131191095296
INTC	130406555648
RTX	129977171968
HON	128493281280
T	125188349952
LOW	123524554752
INTU	120023760896
AMT	119953842176
ELV	117641289728
SPGI	117381996544
IBM	116216856576
GS	113842225152
AXP	113294417920
LMT	112055885824
DE	111181201408
PYPL	107159437312
NFLX	102300164096
ADP	102200565760
BLK	100238761984
SBUX	97987952640
CAT	97510170624
C	94414610432
PLD	92028985344
BA	91245002752
EL	90789003264
CI	87885619200
NOW	86973120512
MDLZ	84934221824
DUK	83302948864
SO	81925521408
MO	81703198720
GILD	81406377984
MMC	81125359616
AMAT	80929316864
GE	80135880704
SYK	78191378432
ADI	77938221056
TGT	75869749248
ZTS	74626039808
CCI	74482712576
VRTX	74424410112
NOC	74310795264
TJX	74121428992
ISRG	73604153344
BKNG	73556131840
BDX	72796028928
ABNB	72519188480
PGR	72339759104
CME	71678730240
MMM	71559348224
WM	70283649024
EOG	69569396736
D	68564946944
USB	68152725504
BX	67976300000
CSX	67770257408
CHTR	67528118272
CL	66562777088
FISV	66196942848
REGN	65473474560
PNC	64984145920
OXY	63714050048
MU	63221526528
TFC	62128058368
GD	61806821376
HUM	61629267968
ATVI	61450219520
ITW	61069848576
F	61067440128
SHW	60156276736
EQIX	59499425792
PSA	59459072000
LRCX	59178684416
PXD	59141685248
BSX	58681696256
UBER	57259286528
HCA	57247133696
NSC	57104891904
EPD	57030971392
ICE	56985055232
GM	56222412800
KKR	56197234688
EW	55869263872
APD	55449751552
DG	55108059136
FIS	55101136896
SNOW	55079014400
FDX	55064109056
PANW	54686179328
MRNA	54357237760
KDP	54279495680
SRE	52807225344
MCK	52293283840
MCO	52209446912
CNC	52151050240
SLB	52120268800
AEP	51476152320
MET	51310546944
SNPS	50841378816
MAR	49964625920
ADM	49267777536
EMR	48492511232
VMW	48390311936
MPC	48246857728
KLAC	47803543552
STZ	47054299136
MNST	46892855296
CDNS	46568857600
ECL	46282211328
KHC	46199087104
VLO	46141857792
HSY	46053593088
GIS	45964988416
RSG	45484871680
CMG	44852023296
ORLY	44732477440
PAYX	44718444544
DVN	44631171072
EXC	44159610880
CTVA	44143620096
ADSK	43878080512
APH	43690119168
LHX	43530891264
KMB	43391184896
PSX	43034816512
ROP	42949951488
O	42168213504
AZO	42162348032
SYY	41632428032
XEL	41254060032
CTAS	41167245312
KMI	41128521728
WMB	40918241280
WDAY	40916860928
MSI	40748306432
SQ	40575836160
COF	40227962880
FCX	40148193280
CRWD	40141492224
AIG	39800172544
IQV	39468822528
LNG	39153487872
MRVL	39069904896
TRV	38753210368
FTNT	38282694656
AJG	38197018624
ENPH	38179905536
A	38163279872
SPG	37965414400
AFL	37548486656
SCCO	36389462016
ET	36210159616
MSCI	36165156864
HES	36054667264
ANET	36040142848
DOW	35879620608
MCHP	35872784384
DLR	35832254464
WCN	35794550784
WELL	35517267968
EA	35500785664
PRU	35328839680
SBAC	35211378688
HLT	35018223616
KR	34783371264
ED	34656829440
GPN	34603802624
BF A	34476097536
NUE	34136762368
PH	34026878976
CARR	33486587904
BK	33423138816
WEC	33010274304
APO	32898000896
ALL	32811231232
MPLX	32775036928
CTSH	32708456448
TDG	32561963008
NEM	32469489664
PEG	32341094400
RMD	32137357312
VICI	31888009216
MTB	31752767488
WBD	31748330000
YUM	31652536320
ILMN	31557525504
ES	31481276416
ODFL	31040755712
GFS	31020355584
ROST	30971953152
PCG	30891587584
DLTR	30849505280
DDOG	30739566592
OTIS	30559270912
WBA	30473701376
PCAR	30428891136
ABC	30375776256
CMI	30365616128
TTD	30218164224
ALB	30097467392
PPG	29839906816
VRSK	29649743872
ON	29555359744
TWTR	29553801216
NDAQ	29468647424
KEYS	29415958528
FAST	29279893504
IDXX	29132965888
HPQ	29131724800
AMP	29116123136
BIIB	28992122880
EQR	28949944320
SGEN	28764485632
GLW	28630921216
BAX	28584960000
AVB	28519933952
GWW	28337801216
RIVN	28224630784
EXR	28217403392
LVS	28044527616
CPRT	28019269632
ROK	27908720640
DD	27870162944
DELL	27842854912
CSGP	27712468992
IFF	27697442816
FRC	27650263040
AME	27648077824
DFS	27328028672
MTD	27195398144
AWK	26986162176
CEG	26971248640
TSN	26907291648
TROW	26857347072
LYB	26703224832
OKE	26597226496
VEEV	26543874048
HAL	26246959104
IBKR	26212552704
EIX	26040360960
BKR	25733814272
LCID	25727817728
DTE	25716516864
HRL	25653710848
ALNY	25355704320
STT	25214986240
WY	25200322560
K	24943886336
CBRE	24887539712
UDR	24821815296
CLR	24811116544
DHI	24785819648
ARE	24760743936
EBAY	24595206144
CQP	24414474240
AEE	24250703872
ZM	24210388992
CTRA	24050837504
SIRI	23871569920
SIVB	23747538944
EPAM	23647416320
ETR	23454083072
FITB	23220670464
FANG	23165384704
EFX	23103047680
CDW	23060285440
IT	23059038208
RBLX	22981457920
DRE	22850607104
MKC	22747377664
DASH	22732390400
FE	22598676480
RJF	22566660096
FTV	22504949760
ZBH	22408775680
INVH	22235959296
GPC	22173552640
VMC	22090805248
LEN	22009329664
WST	21925613568
LUV	21734412288
ULTA	21730721792
PPL	21555499008
ARES	21492236288
ANSS	21461565440
MLM	21369366528
HIG	21055934464
TSCO	20884649984
PAYC	20803315712
LYV	20743473152
ZS	20650999808
CF	20408309760
LH	20364410880
CHD	20333983744
RF	20248377344
URI	20204085248
BR	20141926400
TTWO	20122939392
CNP	20112621568
DAL	19934846976
MPWR	19907315712
PWR	19894501376
MOH	19819071488
MAA	19809488896
CMS	19762348032
NTRS	19736334336
VRSN	19571636224
CAH	19435554816
NET	19424927744
SUI	19332773888
HBAN	19325399040
VTR	19266166784
ALGN	19194308608
SNAP	19194011648
AGR	18932977664
UI	18619883520
PFG	18613018624
DOV	18526433280
HEI	18371328000
MOS	18243909632
CFG	18155403264
FOX	18130601984
ESS	18062610432
JBHT	18039584768
PODD	18012315648
WAT	17983727616
BRO	17981022208
CLX	17969481728
LPLA	17746386944
EQT	17683937280
BALL	17481754624
WPC	17450373120
TDY	17432694784
HPE	17372043264
AES	17266094080
WRB	17237440512
COIN	17162306560
ZI	17126112256
PKI	17081893888
HOLX	17081256960
BMRN	17012228096
EXPD	16982797312
MRO	16885367808
ROL	16820964352
AVTR	16803692544
XYL	16592959488
CAG	16523990016
KEY	16498728960
FDS	16458112000
MDB	16423207936
IEP	16405688320
MKL	16205458432
TW	16196093952
BBY	16178320384
VFC	16087578624
ZBRA	16041403392
EXPE	16028478464
EVRG	16006863872
J	15897101312
CTLT	15892012032
FLT	15873563648
INCY	15870451712
ATO	15860988928
NTAP	15856078848
SWKS	15811903488
WAB	15801299968
OWL	15751561216
BILL	15712370688
MTCH	15691573248
LBRDA	15636614144
PLUG	15605722112
LNT	15572467712
CINF	15556927488
TRMB	15552859136
IRM	15484789760
PLTR	15460557824
SYF	15440375808
DRI	15436498944
PARA	15348164608
TRGP	15324314624
PINS	15314526208
CSL	15292789760
IEX	15292111872
TYL	15259994112
RKT	15143225344
AVY	15073873920
IP	14954921984
SJM	14916901888
BG	14896636928
HUBS	14886432768
GNRC	14873237504
CPB	14839436288
COO	14806870016
FMCCT	14721387520
DGX	14706349056
ACI	14701715456
FWONK	14686301184
LKQ	14646939648
BIO	14561583104
HWM	14559875072
AKAM	14339510272
CHWY	14245958656
CHRW	14231678976
SPLK	14226778112
SSNC	14220261376
TRU	14219968512
TPL	14212718592
JKHY	14194936832
PEAK	14185584640
KMX	14184873984
AMH	14151045120
STLD	14123134976
ENTG	13803004928
WMG	13782518784
WOLF	13759078400
CPT	13752765440
ELS	13676250112
OMC	13650738176
FSLR	13627104256
NVR	13513595904
PTC	13500367872
FMC	13454940160
ETSY	13437012992
POOL	13336885248
DPZ	13335620608
L	13326785536
KIM	13173665792
WDC	13149924352
TXT	13119214592
PCTY	13100815360
CTXS	13062810624
WTRG	13037764608
TECH	13010948096
LDOS	12979586048
TER	12978413568
OVV	12974232576
SWK	12960506880
NDSN	12939915264
AZPN	12937928704
BEN	12922396672
FCNCA	12911279104
NLOK	12907225088
MGM	12830860288
PKG	12793621504
BAH	12736570368
HST	12598670336
LSXMB	12569943040
BXP	12526261248
CBOE	12512148480
TWLO	12388406272
APA	12382016512
GLPI	12379542528
WLK	12314966016
U	12305187840
FHN	12127385600
DAR	12074407936
NI	12068981760
RPM	12058471424
CCL	11992684544
GDDY	11915693056
AR	11898845184
RGEN	11862908928
CHK	11845618688
CG	11800873984
ABMD	11798467584
CE	11778619392
VTRS	11604389888
UAL	11494888448
SNA	11452598272
MAS	11449650176
LW	11430204416
ERIE	11389786112
WMS	11340603392
Y	11317286912
DINO	11278229504
NFE	11197646848
FICO	11182312448
HUBB	11176792064
EQH	11174771712
TAP	11157101568
DOCU	11136880640
EMN	11101933568
LSI	11078069248
RS	11048291328
REXR	11010949120
NLY	11001098240
CCK	10976465920
HAS	10942330880
AFG	10941651968
FNF	10897941504
GGG	10823424000
SBNY	10808701952
IPG	10808015872
WSO	10795918336
RYAN	10781313024
VST	10778276864
BHVN	10711351296
SWAV	10650229760
MMP	10616805376
TFX	10612795392
CMA	10599035904
CNA	10519037952
DT	10510898176
BKI	10502041600
CUBE	10495964160
WES	10480524288
REG	10466091008
UHAL	10454098944
AAP	10439141376
RCL	10437014528
LUMN	10425873408
DOX	10371226624
BSY	10344046592
CRL	10337457152
WRK	10321964032
UTHR	10289869824
ALLY	10116698112
EWBC	10108048384
NBIX	10102378496
BJ	10068356096
NLSN	10035769344
ACM	10017094656
NWS	9905485824
HSIC	9894200320
WSM	9852014592
MORN	9782721536
SCI	9775850496
ARCC	9754953728
NRG	9678650368
H	9640720384
SRPT	9639475200
PLAN	9593149440
TOST	9572301824
GL	9564600320
OKTA	9561407488
LAMR	9533121536
BURL	9501828096
ZEN	9466153984
MKTX	9459685376
DISH	9444731904
ROKU	9420550144
PHM	9389558784
QRVO	9296616448
APP	9283579904
HR	9254962176
FFIV	9250010112
BLDR	9170967552
RRX	9145310208
ARMK	9125758976
CZR	9112722432
HII	9087302656
JNPR	9078216704
TPG	9041298432
SNX	9029859328
MTN	8973196288
CDAY	8891080704
BWA	8850374656
PATH	8802869248
MANH	8786262016
DKS	8762174464
TTC	8744226816
AOS	8713956352
MPW	8703469568
FND	8662162432
PAG	8660903936
AA	8650793984
AGL	8637875200
OLPX	8601732096
CLF	8592319488
PNW	8584561664
KRTX	8554412544
WSC	8537354752
WHR	8535963648
BBWI	8522439680
AIZ	8513487872
LII	8507783680
DECK	8486470656
RHI	8433448960
TPR	8420955648
GME	8413776896
AAL	8402509312
RGA	8402045440
RRC	8401836544
PSTG	8356701184
BRKR	8338688000
CFR	8334070272
ZION	8292457472
WBS	8272956928
FRT	8261253120
ZG	8261034496
SGFY	8259303936
CBSH	8247950848
LEA	8239191552
JLL	8225552384
OGE	8210324992
SWCH	8209567744
WAL	8207624192
UGI	8182609408
KNX	8179454464
AXON	8173946880
CHNG	8125647360
AVLR	8104556032
PAA	8096103936
DXCM	8075376000
SWN	8056461312
HOOD	8047550464
CASY	8034781696
JBL	8018081792
DCP	7981145088
AGCO	7963346944
CAR	7957856256
NNN	7948786688
DVA	7945306112
FBHS	7943951360
LECO	7943631872
COLD	7895236608
DBX	7840709120
LNC	7838907392
MAT	7831619072
OHI	7804484608
OLN	7798640128
SEE	7772549632
OC	7772220928
MIDD	7769490944
ESTC	7730607104
MASI	7678339072
PFGC	7645741568
STOR	7590172672
UNM	7582000128
FIVE	7542214144
CELH	7502820864
GTLB	7463280640
JEF	7459428864
IVZ	7447368192
NXST	7404204032
SEIC	7389569536
ACHC	7388098560
CHDN	7385376256
PCOR	7320648704
CGNX	7301746688
CWEN	7301725696
ELAN	7291873280
CFLT	7260161024
OGN	7256028672
TTEK	7241214464
LEGN	7236769280
NWL	7221455872
HRB	7207257088
STWD	7206684160
EGP	7204945408
DLB	7177276928
S	7169657856
LSCC	7163827200
DKNG	7158793728
UHS	7139540992
LAD	7136624128
CHE	7097567744
APLS	6985217024
XM	6950715392
ROLL	6933555712
XRAY	6931090432
AN	6919012864
CACC	6893468160
PSHZF	6889482752
MHK	6865462272
GPK	6858407936
HESM	6852514304
NEP	6836612096
FR	6830568448
CABO	6816036352
LEVI	6812989440
RUN	6810659328
CIEN	6808583168
MTDR	6797690880
ORI	6796613632
USFD	6792395264
WEX	6790001152
MUSA	6788281344
GTLS	6773409280
BERY	6749145088
PII	6745870336
FIVN	6738300416
WYNN	6730541568
PPC	6721973760
KBR	6710263296
ATR	6704883200
NOV	6701201408
HTA	6686670336
WCC	6678991360
AFRM	6633719296
ARW	6626432000
NSA	6620103168
COHR	6605557248
ADT	6599093248
IOT	6589073408
BEPC	6587491328
HTZ	6518297600
BRX	6514803712
MGY	6510870016
CACI	6483134976
EDR	6455500800
MKSI	6446977024
CNXC	6442588672
PB	6439637504
NFG	6431670784
FYBR	6425198080
EXAS	6413030912
AIRC	6404928512
CDK	6390491648
GNTX	6360266240
DCI	6349714944
CHH	6307044352
CLH	6303563776
PEN	6299324928
OSH	6295894016
SF	6295382016
PDCE	6282112512
COTY	6268756480
DOCS	6254021632
AGNC	6246535680
RH	6237186048
ST	6227158016
SHLX	6217914880
INFA	6211033088
DNB	6185973760
SAIL	6185554432
IONS	6168755200
PNFP	6167620096
MDU	6151368192
DXC	6137715712
SON	6118507520
SYNH	6115039232
RL	6103508480
XPO	6089067008
THC	6081702912
ADC	6039179264
FFIN	6032419840
BOKF	6019138560
FSK	6007286784
VOYA	6001437696
ITT	6000711680
MTZ	5993343488
TXRH	5953963520
RCM	5949325312
NVST	5944164864
PLNT	5944013824
MUR	5904104448
SSB	5897369600
VLY	5888745984
BLD	5870600192
BROS	5867186688
EXEL	5863778816
REYN	5861464064
VMI	5856710656
SKX	5844659200
RGLD	5844558848
GMED	5826794496
CVNA	5821727744
MSP	5821586432
WH	5813355520
KNSL	5807947264
SNV	5794448384
EME	5785594368
FLO	5778777088
UWMC	5778612224
IAC	5774409728
IIVI	5769697792
GWRE	5764053504
BPOP	5742826496
LFUS	5741403648
MP	5736123904
CCCS	5727322112
BYD	5719251968
IRDM	5674467840
WU	5670583296
QLYS	5668605440
INGR	5666247680
KRC	5654433792
HALO	5652347392
HCP	5649391104
CHRD	5643160576
STAG	5626091008
AXTA	5604124672
HOG	5587773440
WWD	5577795072
OPCH	5574039552
EXLS	5560815616
BC	5556137472
CW	5555314688
FCN	5553606144
SITE	5550829056
FAF	5547667968
SAIA	5545928704
HQY	5543801344
SRC	5542302720
ALK	5538362880
GBCI	5537142784
IDA	5523183104
HUN	5510522880
LTHM	5494625280
NCLH	5482270720
VAC	5477646848
LITE	5451559936
CIVI	5429293056
ASH	5426392064
X	5425375232
W	5421510144
LNTH	5409987584
LSTR	5406190592
VG	5385656320
MNDT	5369265664
INSP	5356406784
HLI	5348104192
MRVI	5341524480
QDEL	5338155008
AYI	5336815104
RYN	5323978240
SWX	5321041920
DTM	5314587648
POST	5288609792
VNO	5281394688
ORA	5244353024
CR	5235654656
SAIC	5234267648
OSK	5200964096
DRVN	5196811264
CC	5183160320
PSB	5179248640
LYFT	5174754304
SM	5167337472
CHPT	5158903808
GXO	5157380096
NATI	5156354560
NYT	5148762624
FIZZ	5145735168
TREX	5143769088
OLED	5143721472
TNET	5128709632
TMX	5121906176
WTFC	5114603520
ANAT	5109105664
VVV	5099945984
CWAN	5087263744
NRZ	5083310592
ORCC	5072440320
DDS	5068964864
CYTK	5059303936
FOUR	5057370624
LHCG	5029768704
TOL	5022195200
WWE	5021703168
RLI	5015974400
GH	5015935488
LEG	5012998144
NTNX	5010727936
SLGN	4982865408
TDOC	4979066368
BKH	4973405696
CCMP	4969444864
PYCR	4949164032
UBSI	4936834560
IAA	4927239680
VNOM	4924446208
UFPI	4892211712
HXL	4890560512
ONB	4888376832
DNA	4883666432
BXMT	4865384960
EHC	4858171392
ASGN	4847311872
ZWS	4845383680
PENN	4844099584
AMG	4842532864
ENLC	4837223424
SHC	4834795520
SIGI	4808268800
TGNA	4796886528
AMKR	4793928192
OZK	4791474176
HOMB	4786216960
HGV	4780689408
ITCI	4769173504
AM	4755872256
NTRA	4755760640
BE	4737728512
BWXT	4718582784
EXPO	4708879872
ROG	4708794880
CMC	4701519872
NOVT	4682038272
SOFI	4677835264
LANC	4662163456
POR	4658473984
PRI	4654671360
MSA	4650480128
ENSG	4644904448
CERE	4641409536
ATUS	4637480960
EVA	4635035648
M	4624965632
SFBS	4617885696
THG	4616410624
BMBL	4615000064
TKR	4611768832
WTS	4611755008
TRNO	4609878016
GBT	4597650944
CADE	4586843136
SRCL	4585048576
MEDP	4573223424
MRTX	4562228224
NTLA	4558427648
SAFM	4553320960
NYCB	4549614080
QS	4547729408
IPGP	4542317568
SEB	4527019008
OMCL	4513472000
IRTC	4511496704
CROX	4501711872
HP	4501135360
RHP	4486875648
SYNA	4477860864
ESI	4462571008
LNW	4454248448
COKE	4446409728
IRT	4442274816
PRVA	4435561984
MSM	4432300544
COLM	4423374336
BPMC	4409098240
CURLF	4405687808
CRK	4404486656
AMC	4404371456
EXP	4403457024
STAA	4388599296
ARWR	4370505216
EEFT	4367607808
AMN	4364041728
UMBF	4338871808
MTG	4336162304
VRT	4332166656
THO	4318318080
CHX	4314355712
DEN	4310914560
TPX	4306595328
NJR	4305259008
KRG	4288171520
PECO	4287610880
SPSC	4286889216
HE	4282432000
OMF	4273931776
COUP	4268620288
PSN	4252255744
FIBK	4247163136
DV	4241945344
OGS	4237345536
VIRT	4236007315
ALGM	4221328896
NCR	4219257856
AQUA	4215599104
CWST	4211757056
ALIT	4193073920
OCDX	4191268096
BCPC	4189489664
AB	4182472448
AYX	4162072064
NSP	4159261952
HWC	4152935680
TENB	4152040192
SAM	4146508544
PINC	4145332480
UNVR	4143162880
SJI	4141766144
CRUS	4141267712
FNB	4107118592
ELY	4087112448
WEN	4081585408
PNM	4071145984
RNG	4070108672
CUZ	4066002944
AVT	4064080128
SNDR	4051507712
SLAB	4049324544
AL	4032050944
AIT	4031445248
TWKS	4029146368
MQ	4028690944
PSTH	4028000000
TFSL	4023560448
DEI	4022190336
SPWR	4021548288
ACT	4018965504
WOOF	4018443776
SSD	4018341376
FELE	4016268032
SMAR	3989648896
KEX	3984547840
CBT	3971345664
FLS	3966532608
IART	3964793344
DOC	3952335360
LPX	3949197056
ALTR	3944545536
AVNT	3934839552
MANT	3929736704
NEWR	3927824128
POWI	3924890112
ETRN	3912340224
CNM	3911206400
BEAM	3910308864
GT	3905509632
AWI	3890324224
AZTA	3887557120
BFAM	3886627072
FOXF	3882251520
PBF	3878402304
BL	3878361344
GO	3878185216
R	3869807104
ATI	3869780736
UMPQ	3852655360
ABG	3842249728
MSGS	3841822464
FRSH	3830586880
HAE	3818973952
TPTX	3806147584
ICUI	3798809600
MAN	3794758144
CALX	3756548096
PVH	3741083136
HGTY	3731708416
AMED	3724166400
DUOL	3715488000
SLM	3715455488
DOCN	3715338752
SMG	3709406208
MTSI	3705651712
BOX	3703705088
PTCT	3703677696
FLR	3691316480
EVR	3691298304
CCXI	3684177152
ASO	3680436480
TXG	3674865408
MMS	3668758272
SR	3666096896
BRZE	3652494080
KSS	3644438784
APLE	3641461504
HLNE	3637985280
FLOW	3637604864
APG	3624833024
UA	3621367552
NARI	3620889344
FIX	3613038336
FCFS	3610005248
CVBF	3602568448
GSAT	3601999872
ZD	3593160704
PGNY	3591154944
ATKR	3588306688
EVH	3586503680
MLI	3569939456
INDB	3563201280
BECN	3542172416
CRC	3529839360
CBU	3506550528
BANF	3496141824
ALSN	3489829632
VNT	3484222720
CNS	3481892608
PTON	3477456384
TNL	3474525440
BNL	3465797120
FL	3462857472
AXNX	3459854336
UCBI	3457653760
EBC	3456306688
DNLI	3451277056
YOU	3451177984
AJRD	3445138432
APPF	3431848192
GOLF	3427916544
OLLI	3425959424
AMRC	3425184256
ALE	3422607872
HASI	3413760768
SBRA	3411412224
WING	3406053376
GPS	3400024320
WK	3398354176
RARE	3394688512
FUL	3393913088
BHF	3392654080
ASAN	3390415360
ONEM	3384455936
HRI	3366507008
ONTO	3363389952
SEAS	3360590080
GATX	3359501056
BTU	3357187072
SXT	3349160192
TDC	3346139904
ALRM	3332566528
VC	3330500352
MMSI	3326370304
CWK	3324192768
AFFS	3321376512
RDN	3319510528
SUM	3318315008
WD	3318222848
UNF	3314591232
HIW	3313733120
AEL	3302207488
KFY	3300513536
JBT	3290041600
TRIP	3287732480
SUN	3287709440
SMCI	3285706752
CNX	3273730816
DY	3267564544
PCH	3259804672
AEIS	3254342400
FHB	3249939712
ESMT	3245591040
JOBY	3244413184
FOLD	3242556928
NCNO	3235442688
HHC	3235367168
PTEN	3230650112
SEM	3228476416
VIR	3228408832
ARRY	3225995776
BSM	3224790784
CWT	3222223616
EPRT	3221326848
BRBR	3211377152
APPN	3208801792
EPR	3206128640
ABCB	3204436480
FNMAL	3202274816
ARLP	3178603008
INST	3177454336
RPD	3173925120
TWNK	3154445568
DEA	3149798912
YETI	3147140352
OTTR	3144788224
SPT	3144635648
CNR	3140549632
SKY	3139140608
BOH	3135064576
NNI	3135047168
PACW	3131376896
WE	3131086080
ENVX	3130388224
NSIT	3125551616
SFM	3124791296
CATY	3123257600
PK	3123069440
DIOD	3118177280
CVI	3117466368
VIAV	3108784896
REGI	3106199040
AAON	3080009216
GEF	3079908352
PPBI	3073877760
KWR	3070520320
STGW	3068872448
AWR	3066306048
MAIN	3060462336
WSFS	3055586304
KNBE	3051856896
VRNT	3051437312
GTII.CN	3051231477
REZI	3050685952
SMPL	3045256192
HBI	3039287552
SPR	3037436672
MCW	3036844032
STEP	3035175936
FHI	3033491712
WHD	3031330816
INSM	3022170368
NWE	3016378112
PEGA	3014205696
SFNC	3014189824
ABM	3013478912
AVA	3011035136
KOS	3008550400
HELE	3006608640
LAZR	3002629888
ASB	3000087552
CANO	2968794112
GTES	2964003072
OFC	2939918848
KMPR	2937187328
COOP	2934796288
EQC	2925664512
CXM	2922257920
TCBI	2920737536
EVOP	2919047168
DBRG	2916862208
LCII	2915515136
CVET	2914196224
SQSP	2891702272
SHLS	2887655168
PSEC	2886231552
PAGP	2882730752
NHI	2877134592
ENV	2876862464
CRI	2866235392
MC	2866208000
TNDM	2864907776
BKU	2858980096
PZZA	2857116160
HI	2854699008
MATX	2853416448
OUT	2849479168
CEQP	2849213952
NEU	2843992320
VRNS	2842854400
JJSF	2836813824
HPK	2836678912
SLG	2830973184
MTH	2830285824
PWSC	2826630912
AAWW	2826152704
LXP	2824345344
GPI	2819617024
VICR	2817162496
BDC	2816925184
DORM	2809383168
TMHC	2806240768
VSAT	2790153728
NOVA	2789629184
VSCO	2787297024
PFSI	2786938112
MGEE	2785300224
PJT	2783357184
CORT	2782587904
AZEK	2781119232
ACA	2779094016
SI	2777611520
BMI	2775588864
SITC	2773669888
ALHC	2771418368
VSH	2764162560
ULCC	2762320896
BLKB	2742706432
IBTX	2738960128
EE	2737217280
SANM	2735299584
JWN	2734176768
TRUP	2731625216
HUBG	2731522560
ACAD	2730291712
GHC	2725935616
RMBS	2715697408
FULT	2714530304
RLAY	2711560192
MRCY	2703306752
NXRT	2702301440
AIN	2698236160
JAMF	2696214528
OPEN	2691653632
MXL	2686839040
HRMY	2684744448
ENOV	2684281856
CRVL	2684025088
AXSM	2683734016
DKL	2679086336
CNMD	2670371328
EYE	2667961856
TRUL.CN	2662470613
JXN	2652869888
ACIW	2652733184
NGVT	2642869504
BCO	2622464512
FATE	2621918208
BCRX	2621824512
PRFT	2621177344
RUSHA	2616084992
LBRT	2616026112
FSR	2610681600
LOPE	2610098688
LESL	2609979392
FWRD	2605630976
CCOI	2601900288
IBOC	2597361920
AMR	2591339008
SPXC	2589777664
THS	2587486720
MTOR	2586229504
FLYW	2584651776
WDFC	2577895168
ARCH	2576839936
HLF	2575693824
ARNC	2570706688
WLY	2564181760
IBP	2555276288
RKLB	2553673472
CALM	2550549504
PBH	2549835776
WERN	2545598464
ESTE	2542959872
PLXS	2542317056
PDCO	2539472896
SPB	2537910784
UNFI	2535127808
ENS	2533819136
CPE	2529480704
CHGG	2521660160
IPAR	2518103808
BCC	2515185408
XRX	2514011136
JBGS	2513177088
COMM	2500397824
NVAX	2498972672
MSTR	2496594688
JBLU	2493675776
CVT	2491087872
LFST	2490324992
WIRE	2484033024
CBRL	2483729408
IIPR	2481800192
CERT	2481632768
ABR	2479597312
WOR	2472973056
FOCS	2470676992
TR	2468373248
KBH	2462430976
USM	2459982336
TTEC	2456766720
AIMC	2454959104
AMBA	2445785856
KW	2440278528
AUR	2434539008
AX	2434156288
SAVE	2428465664
NMRK	2425217792
AUB	2424128768
PING	2422240000
CEIX	2420864512
FSS	2417187840
KD	2415025920
ESAB	2413748736
VRRM	2403456768
PCRX	2394772736
NOG	2392690688
FUN	2389396480
AHCO	2384720384
YELP	2378768128
FRME	2372477184
EVGO	2370941184
CVLT	2370269184
MGPI	2367358720
SAFE	2360011776
COLB	2353979648
MNTK	2352233472
XMTR	2350682368
SGRY	2343713792
SABR	2336684288
CMTG	2329165824
BRC	2325449984
GKOS	2324632576
GCP	2324275200
ARVN	2317623040
PAYO	2314212608
SAGE	2307367936
NKLA	2306092288
RXDX	2304945920
SHOO	2292588800
SCL	2292051456
HAYW	2286517760
GBDC	2283170560
CARG	2281183232
TWST	2280467200
SHO	2280273664
LTH	2278019584
APAM	2275853056
VERV	2275409664
GDRX	2269318144
CPK	2253777408
TEX	2250281984
JOE	2250275072
PEB	2248804864
UPWK	2246438400
PROK	2245992960
IOSP	2244302080
PI	2240512000
TROX	2236189696
UNIT	2234904576
EQRX	2231742208
NTCT	2231733504
RTLR	2226077184
EVCM	2225926400
NUVA	2224046080
STEM	2220883200
ATSG	2220595456
CBZ	2219538432
DAN	2217674752
EVTC	2216752640
HEP	2216493312
RRR	2208051968
MDC	2198014976
TELL	2189187072
QTWO	2188775680
FORM	2186712064
NEX	2182197760
MPLN	2179242240
FCPT	2178846720
CDEV	2172149504
LFG	2169086208
GBTC	2158210048
LGIH	2158068224
ITRI	2155372800
PRK	2142742016
SMTC	2136028032
NAVI	2129603968
WMK	2128470272
FA	2128448128
MAC	2127206016
PRMW	2124221440
SITM	2123541248
OMI	2123495680
AAT	2121787520
PD	2116898176
AGTI	2116579840
UPST	2110980608
NVEE	2103259136
GNW	2100495744
ACLS	2099297920
PRGS	2091828480
ASTS	2091289856
GPRE	2090152832
ROIC	2089814784
AVAV	2085715456
KAI	2085515520
CNO	2084331520
KTB	2083583616
VRNOF	2079527808
WAFD	2079272448
ESE	2072344448
PLMR	2069675392
CENT	2069311744
MGRC	2065304192
ITGR	2063556608
NUS	2062580224
UDMY	2061253504
FLNC	2060937216
TOWN	2060166656
CTRE	2059919360
SAH	2057527936
VZIO	2052048256
FRPT	2051016960
NEOG	2048921984
STER	2046694912
BANR	2045233792
ALLO	2044935680
WSBC	2044879104
PLAY	2042049152
FBC	2041476224
FFBC	2037891456
HL	2030996224
ENR	2025771264
OI	2018079360
EPC	2017075584
ETWO	2016169728
ELF	2015193856
DK	2006740352
MLKN	1999226752
ATRC	1997654784
GMS	1995021952
CVCO	1993980160
SSTK	1993009792
SBCF	1989205888
SHAK	1988482688
BOWL	1987776128
TRN	1980502784
PTVE	1972848128
FROG	1971361024
ESRT	1970264704
BOOT	1970209664
SDGR	1963491840
LZ	1963100416
EXPI	1962757376
DNUT	1962256256
THRM	1958043904
SJW	1944924160
CSWI	1939378432
PSMT	1939101952
DH	1937852160
RLJ	1937723776
SYBT	1935919616
ANGI	1932629632
ARCB	1930930816
TRMK	1930281984
UE	1928493056
WFRD	1928005760
AMEH	1919212288
FIGS	1914718336
CIM	1909628288
LKFN	1909236480
XPEL	1909100928
BFH	1908093312
SONO	1902417408
SLVM	1898784768
AEO	1897302400
ICFI	1896726656
KMT	1896005120
HTLF	1895773952
RVMD	1895145216
VERX	1892701056
CRDO	1890160384
MDRX	1890128512
NPO	1883786752
SG	1883667584
RXRX	1883077632
ZIP	1882502656
WEBR	1881022592
URBN	1876648320
SUPN	1874475392
RC	1869604736
FTDR	1864481920
MTX	1864090880
BRP	1861007360
TDS	1860717568
RCUS	1855955200
HPP	1852636672
FBK	1848632192
GSHD	1846925952
CSGS	1846685952
EMBC	1846139648
TTGT	1845392768
MSGE	1843602176
SNEX	1842184576
SIX	1841699840
RNST	1840738688
EXTR	1835534592
GOGO	1833470464
VCTR	1828259328
DRH	1820542720
KRYS	1818315648
LAUR	1817879552
MNRL	1817652096
PRCT	1815113344
WGO	1812835840
MYGN	1805413120
BLMN	1802015616
RELY	1801388800
LTC	1795982848
VCSA	1795304576
TVTX	1794658688
NWBI	1792757888
XHR	1790768000
GFF	1788953472
MCY	1787932928
HAIN	1779786496
NABL	1776900096
RVLV	1775176320
DOOR	1775006208
LYEL	1774426880
ALGT	1770205440
HLIO	1768424704
ADTN	1757436288
MWA	1756091392
HTGC	1753353344
POLY	1751837056
APPS	1751501440
IVT	1748397696
LNN	1746712704
GTN	1746524160
DAWN	1745435904
ODP	1743959936
PFS	1741159296
WRE	1739307776
TPH	1739026304
IOVA	1726342784
CNNE	1723820032
PGRE	1722784000
USAC	1722776960
MAXR	1721565312
ATGE	1719111808
NS	1717526656
SASR	1717019776
SKIN	1716980224
SKT	1715570816
NUTX	1713391104
MTRN	1707366656
HOPE	1707312000
NMIH	1705910272
EFSC	1704657664
OPK	1698312064
7LX.F	1695998853
EVEX	1694368128
KAR	1689959680
HTH	1688670208
COUR	1687935616
JACK	1684568064
IMKTA	1682713856
AGIO	1676882688
EVRI	1664916864
CNK	1663714176
FTAI	1661614464
NBTB	1661294336
AMPL	1661020544
NWN	1659726336
IRWD	1659491840
IBRX	1657258496
NVRO	1655140480
HCC	1652912000
TMDX	1652368000
CRS	1640896896
TWO	1639539200
BKE	1635595264
XPER	1632836864
OXM	1631658752
SEAT	1629961728
TALO	1627714304
LRN	1627005056
AMPS	1626308224
VBTX	1625236608
VRTV	1624816128
APTS	1624227456
CAKE	1621694848
XNCR	1619609344
ARQT	1617238144
HLMN	1614840448
SCHL	1611960320
IRBT	1606546432
VSTO	1604889472
RES	1603298816
SEMR	1603096704
SES	1602028160
TSP	1600592384
CTOS	1600044928
ARI	1598576512
STRA	1594030080
MRTN	1590400896
LGND	1588164992
ZNTL	1587563136
EVBG	1585732096
SBH	1583851648
AKR	1582694912
LMND	1576785920
WOW	1575645056
TCBK	1574617088
AI	1573692160
MSEX	1573435648
PIPR	1570642048
TEN	1566901888
BYND	1564315392
CSVI	1563813248
CYRX	1563796096
B	1563529088
DCT	1561686400
TTMI	1561524352
ALG	1558358144
LILA	1551200512
KTOS	1547851776
EGBN	1543915776
SBGI	1543020160
RVNC	1541799168
PRM	1538545920
FCEL	1534869504
ROAD	1533315584
AVDX	1531305344
VGR	1530932480
KNTK	1528122880
JBI	1526535552
PCVX	1526177536
RCII	1523190272
WWW	1522756096
FINN	1517104384
MYRG	1516092800
BBIO	1515074176
ECOL	1512275328
SATS	1508747264
LOB	1508572160
TSLX	1508108288
SOVO	1507625216
ARIS	1507621760
INT	1507050112
CCS	1506835840
BGS	1506509824
SPCE	1505721344
KRO	1504574080
BGCP	1501382528
MIR	1498528640
WABC	1494614784
MD	1493057024
ME	1490032512
MNRO	1488476544
TBK	1487453696
AIR	1486322816
CODI	1484000768
MMI	1482675456
BATRK	1472404736
MODV	1468287744
DVAX	1465833728
FORG	1463354112
BFS	1459851264
HMN	1457177984
KYMR	1456831616
GCMG	1455795200
AMPH	1455751424
EAF	1452338944
PRAA	1452320384
WRBY	1452247808
PDM	1451125248
MEI	1446424960
PX	1443842304
CPRX	1437423616
VIVO	1437111936
CLDX	1434041728
AMK	1431112192
GNL	1430352384
RILY	1429518976
CLFD	1428885248
PAY	1428493696
PCT	1427442176
TASK	1426745728
EXFY	1425666560
IDCC	1423545600
VCYT	1417918592
INSW	1415841152
SILK	1409952384
CRSR	1406223616
GTY	1404808960
ADUS	1403488512
SWI	1403178880
CRCT	1401981056
SNDX	1398857344
OSIS	1391708544
XPRO	1390311424
MLNK	1389582848
GEL	1385142784
VRTS	1382896640
LADR	1378642048
BDN	1378408960
AMLX	1377871616
GDYN	1374847104
VVNT	1374481280
NEGG	1373589888
CLMT	1371671168
CLNE	1371109760
FRG	1371093760
HURN	1370510208
GOSS	1369849344
PTRA	1359603968
STC	1358697984
CMP	1358241280
PL	1356869504
ALEX	1356184960
SWTX	1350774528
UTZ	1348765696
PMT	1344980224
MARA	1344483072
FAZE	1341375744
VRE	1340108544
LC	1339222656
TBBK	1338697088
ENTA	1337792384
AIV	1334346752
KREF	1333807232
KDNY	1329627776
SAFT	1327352576
PACB	1324313472
KN	1323291776
CTS	1323047296
ACVA	1322935296
HNI	1322648960
LXU	1311346432
MED	1308595968
MATV	1306938880
RAMP	1306591104
RADI	1305294848
ALKT	1299085184
RGNX	1296899968
OSCR	1296529792
ZETA	1295985408
GVA	1294770560
BUSE	1292538112
DNOW	1290305664
UCTT	1289331712
HIMS	1287893760
FNA	1287530240
FBNC	1286750720
SANA	1285968384
RYTM	1285260032
UAN	1280612736
ERII	1280313984
BHLB	1279690240
PHR	1276291584
ADPT	1275855872
DDD	1275451008
FLGT	1273887488
COHU	1270304512
NEO	1266765696
ROCK	1264795776
OFG	1263501824
CNXN	1263497472
FCF	1263415168
MDGL	1260520576
MTTR	1259965440
ANDE	1259625472
CHCO	1259572480
AGYS	1256386176
CHEF	1256105472
CWH	1254073728
KRP	1251622272
OBNK	1251481984
UVV	1250780928
CSR	1247184640
SCS	1247147776
DFIN	1246598784
PGTI	1245692416
PLUS	1245081088
CFFN	1242788096
CINC	1239358592
DEC.L	1237904381
IAS	1237502080
SSP	1236214656
ECVT	1232027392
KYN	1231994624
OLO	1231849216
LPI	1230461824
TH	1229158656
USNA	1227923200
FGEN	1227072384
VERU	1226244608
IHRT	1225796992
HRT	1224846080
IMGN	1216128640
SBSI	1212556800
COMP	1208179072
UEC	1208131072
PATK	1206320384
CRLBF	1205148032
QRTEA	1202912768
DCOM	1199993216
MBUU	1199431296
PSFE	1196466176
DSGN	1195405184
NBHC	1195006848
CLOV	1194107520
LPRO	1192835712
SLP	1189549696
HTLD	1186423040
AMWL	1184549376
EBS	1181218944
OSTK	1180319872
AVID	1178894848
NXGN	1178085632
ARHS	1176529152
AXL	1173002240
SNCY	1171599616
AGM	1171313408
STAR	1169493120
DBI	1169271808
ISEE	1167791488
RDNT	1166258560
SRCE	1165721472
MHO	1165667584
PBFX	1162576640
STBA	1162253696
KFRC	1160233088
KIND	1159674880
PRA	1159654144
VCEL	1158691712
IONQ	1153414272
MBIN	1153098880
HLIT	1152508288
MEG	1152505472
ACRS	1148088320
HEES	1144817920
ARKO	1144308608
OCFC	1143578112
UUUU	1142440448
TNC	1140106368
VORB	1139540608
AVNS	1138931456
DGII	1137470848
AHH	1136946048
DCPH	1136643968
MCRI	1134041600
ADV	1133870720
GIC	1131000960
DFH	1130730880
SLDP	1129306112
CXW	1129142400
TRS	1129021824
LZB	1127118080
SVC	1124589824
GRBK	1121498752
AROC	1120499968
EAT	1117509632
EPAC	1117489152
COGT	1117233536
MORF	1115835904
AMCX	1115462144
KALU	1113929088
BFLY	1113380352
BIGC	1112381568
BALY	1111765888
CUBI	1109298176
INFN	1108532736
SHEN	1108197376
GABC	1106251008
RNA	1104049920
ENVA	1102765184
RSI	1099945600
PARR	1095252352
HOUS	1094578304
TMCI	1092553088
ATRI	1089453952
BBDC	1089001344
NHC	1088024960
AVO	1086686208
CDNA	1085734016
NTST	1084715136
LMAT	1084524800
CDMO	1082107264
GDOT	1077154048
MODN	1076026496
BRSP	1075568128
PRIM	1072219776
FFWM	1071930176
MFA	1071880256
EIG	1071829376
LBAI	1071076160
SKYW	1070939520
ALT	1070222272
FSLY	1069940032
SPTN	1069913728
TGTX	1069216640
PLYA	1067572864
VVX	1066365696
COWN	1063211264
TMP	1060567040
NSSC	1060128832
EDIT	1059927616
GDEN	1059545664
ERAS	1059014528
RIOT	1058571584
CRNX	1057317568
PIXY	1056472256
RYI	1056079552
GEO	1053524096
FBRT	1053071808
USPH	1052169856
PRLB	1048143168
SXI	1045279872
SPH	1042433152
RTL	1042059840
AZZ	1041864832
SST	1041829888
RCKT	1041504448
ZUO	1041352064
CYXT	1041039744
SIGA	1040593344
VECO	1039817536
FWRG	1036713664
NYMT	1034961024
PUBM	1034830656
ASLE	1033501440
HCSG	1033053312
TSC	1028616384
PRG	1026280384
KIDS	1024704192
NIC	1024524032
MNKD	1024205248
BLNK	1023988032
MNTV	1022978880
BANC	1020034368
TDW	1019790080
DMLP	1019612800
FMTX	1019254016
SAVA	1016080768
ATEN	1015372736
OFLX	1014578112
GERN	1012554944
OEC	1012439872
BLFS	1010590592
DCGO	1009239744
KURA	1007408640
MGI	1000133760
